ticker,period_end,fiscal_year,statement
TICK001,2021-03-31,2021,"{'Revenue': 350780.2968330078, 'NetIncome': 70976.99627733062, 'TotalAssets': 929087.2814030598, 'TotalLiabilities': 886251.6740809204, 'EPS': 34.944453887374756}"
TICK001,2022-03-31,2022,"{'Revenue': 529171.3973752654, 'NetIncome': 61377.676485134885, 'TotalAssets': 1689357.5996498165, 'TotalLiabilities': 804018.1006360626, 'EPS': 16.028328467419286}"
TICK001,2023-03-31,2023,"{'Revenue': 446926.18289075553, 'NetIncome': 56023.44917692322, 'TotalAssets': 372657.43974707264, 'TotalLiabilities': 1199693.9595158882, 'EPS': 4.940154653379018}"
TICK001,2024-03-31,2024,"{'Revenue': 774088.8227708344, 'NetIncome': 74828.96756861376, 'TotalAssets': 1209305.575821281, 'TotalLiabilities': 734789.3392410228, 'EPS': 3.290360212111567}"
TICK002,2021-03-31,2021,"{'Revenue': 598183.1990303986, 'NetIncome': 60276.59120965477, 'TotalAssets': 1478997.0390814415, 'TotalLiabilities': 888004.524309939, 'EPS': 8.791322697703738}"
TICK002,2022-03-31,2022,"{'Revenue': 815841.3590479089, 'NetIncome': 86094.66291290488, 'TotalAssets': 1412555.6686021772, 'TotalLiabilities': 842822.1246033615, 'EPS': 36.9191045358118}"
TICK002,2023-03-31,2023,"{'Revenue': 448103.2637728314, 'NetIncome': 20763.321522545706, 'TotalAssets': 1247472.212591331, 'TotalLiabilities': 382841.4792991539, 'EPS': 43.17229941664756}"
TICK002,2024-03-31,2024,"{'Revenue': 769633.2403256408, 'NetIncome': 50647.27006068975, 'TotalAssets': 797943.8179626822, 'TotalLiabilities': 128847.15486910813, 'EPS': 48.000339332317076}"
TICK003,2021-03-31,2021,"{'Revenue': 94751.39677579643, 'NetIncome': 80190.15166837885, 'TotalAssets': 1714333.819702953, 'TotalLiabilities': 1026347.6549324326, 'EPS': 2.532344235740533}"
TICK003,2022-03-31,2022,"{'Revenue': 486105.6678513015, 'NetIncome': 49731.9895197759, 'TotalAssets': 379380.9628713009, 'TotalLiabilities': 314547.2257237877, 'EPS': 20.795981208272078}"
TICK003,2023-03-31,2023,"{'Revenue': 536918.8945317803, 'NetIncome': 25393.252624989018, 'TotalAssets': 1915148.4148702316, 'TotalLiabilities': 804998.723813688, 'EPS': 23.133810096356925}"
TICK003,2024-03-31,2024,"{'Revenue': 137594.91491462057, 'NetIncome': 87868.88457242325, 'TotalAssets': 395312.6293701471, 'TotalLiabilities': 413200.528118949, 'EPS': 8.534602925475232}"
TICK004,2021-03-31,2021,"{'Revenue': 210969.44635910576, 'NetIncome': 59349.879979636855, 'TotalAssets': 649574.5974449043, 'TotalLiabilities': 1207103.7852772477, 'EPS': 24.90042185078354}"
TICK004,2022-03-31,2022,"{'Revenue': 352989.8061903636, 'NetIncome': 44934.244621701604, 'TotalAssets': 1927972.9741058766, 'TotalLiabilities': 623218.040514431, 'EPS': 7.348006302493838}"
TICK004,2023-03-31,2023,"{'Revenue': 780881.354101491, 'NetIncome': 56376.06823028983, 'TotalAssets': 103152.37823595313, 'TotalLiabilities': 806228.8534202818, 'EPS': 45.50248338442468}"
TICK004,2024-03-31,2024,"{'Revenue': 610333.2492164134, 'NetIncome': 55286.299158448885, 'TotalAssets': 914812.5593603255, 'TotalLiabilities': 86815.71946174664, 'EPS': 42.537812132154194}"
TICK005,2021-03-31,2021,"{'Revenue': 781564.2963775739, 'NetIncome': 15907.367170127658, 'TotalAssets': 1093554.8721767874, 'TotalLiabilities': 756084.7602948487, 'EPS': 27.627430368110694}"
TICK005,2022-03-31,2022,"{'Revenue': 547351.8252936043, 'NetIncome': 94662.87634237426, 'TotalAssets': 1301757.725590925, 'TotalLiabilities': 876460.9831334442, 'EPS': 22.745837330739125}"
TICK005,2023-03-31,2023,"{'Revenue': 535933.8094953389, 'NetIncome': 31264.048592700703, 'TotalAssets': 204180.94988611643, 'TotalLiabilities': 1081478.9552219128, 'EPS': 34.83183335281678}"
TICK005,2024-03-31,2024,"{'Revenue': 221914.68698458257, 'NetIncome': 94694.4071293083, 'TotalAssets': 103262.59177693607, 'TotalLiabilities': 866231.2258629557, 'EPS': 23.893496428672503}"
TICK006,2021-03-31,2021,"{'Revenue': 497927.26777405496, 'NetIncome': 49612.37801146516, 'TotalAssets': 921612.633750455, 'TotalLiabilities': 1214260.927111991, 'EPS': 7.493024029111355}"
TICK006,2022-03-31,2022,"{'Revenue': 466028.6063199834, 'NetIncome': 26561.879551862356, 'TotalAssets': 1973823.4473014502, 'TotalLiabilities': 1406230.527629387, 'EPS': 6.9447028421640296}"
TICK006,2023-03-31,2023,"{'Revenue': 532271.1246951907, 'NetIncome': 85134.29648575431, 'TotalAssets': 581918.3995571223, 'TotalLiabilities': 732584.4020577787, 'EPS': 31.16695489354426}"
TICK006,2024-03-31,2024,"{'Revenue': 516476.58759176143, 'NetIncome': 7292.720246284191, 'TotalAssets': 238168.20676059253, 'TotalLiabilities': 228242.03260933474, 'EPS': 39.220060564268216}"
TICK007,2021-03-31,2021,"{'Revenue': 587330.1604479643, 'NetIncome': 12357.806952481405, 'TotalAssets': 1563865.9964528705, 'TotalLiabilities': 49399.204475851264, 'EPS': 14.409957351140754}"
TICK007,2022-03-31,2022,"{'Revenue': 790388.4284980083, 'NetIncome': 70343.10985690297, 'TotalAssets': 1100465.1251410223, 'TotalLiabilities': 206720.14977851056, 'EPS': 34.660532366448706}"
TICK007,2023-03-31,2023,"{'Revenue': 664515.2601411979, 'NetIncome': 52892.536761930365, 'TotalAssets': 453238.1546359398, 'TotalLiabilities': 570079.0280356762, 'EPS': 31.299992476990106}"
TICK007,2024-03-31,2024,"{'Revenue': 92354.76033720816, 'NetIncome': 48020.17887422275, 'TotalAssets': 1267268.9942005265, 'TotalLiabilities': 1133525.9265736076, 'EPS': 38.28544529805904}"
TICK008,2021-03-31,2021,"{'Revenue': 405050.70411867526, 'NetIncome': 82142.27993609093, 'TotalAssets': 1364459.0351475636, 'TotalLiabilities': 521994.9705776488, 'EPS': 19.130688474538456}"
TICK008,2022-03-31,2022,"{'Revenue': 296139.29201317835, 'NetIncome': 94927.97800219512, 'TotalAssets': 819007.0099251056, 'TotalLiabilities': 222134.98074834113, 'EPS': 24.24738227718718}"
TICK008,2023-03-31,2023,"{'Revenue': 708876.8828107503, 'NetIncome': 42659.50026118414, 'TotalAssets': 403656.9134685055, 'TotalLiabilities': 883703.079008576, 'EPS': 27.207472957768204}"
TICK008,2024-03-31,2024,"{'Revenue': 271736.0212490523, 'NetIncome': 84307.74101650566, 'TotalAssets': 386894.04577681154, 'TotalLiabilities': 1409084.9002110302, 'EPS': 29.91192258846226}"
TICK009,2021-03-31,2021,"{'Revenue': 504735.5279327964, 'NetIncome': 10804.849130140741, 'TotalAssets': 720660.8701475543, 'TotalLiabilities': 1393956.1399506999, 'EPS': 11.325042895360141}"
TICK009,2022-03-31,2022,"{'Revenue': 761820.9110644558, 'NetIncome': 48097.72143703222, 'TotalAssets': 281031.3658273191, 'TotalLiabilities': 1018940.0262971506, 'EPS': 13.104708979124796}"
TICK009,2023-03-31,2023,"{'Revenue': 542402.5267819486, 'NetIncome': 61787.12784171722, 'TotalAssets': 1495654.8766117445, 'TotalLiabilities': 658282.8549328197, 'EPS': 22.55335754517088}"
TICK009,2024-03-31,2024,"{'Revenue': 290922.04572020256, 'NetIncome': 15330.209850032625, 'TotalAssets': 548243.1280413349, 'TotalLiabilities': 954412.1931824784, 'EPS': 39.47889119207209}"
TICK010,2021-03-31,2021,"{'Revenue': 124755.88309437931, 'NetIncome': 7090.233635337308, 'TotalAssets': 155732.88215305842, 'TotalLiabilities': 1184736.5166472136, 'EPS': 49.22435776351172}"
TICK010,2022-03-31,2022,"{'Revenue': 72808.81513872008, 'NetIncome': 82553.33528544528, 'TotalAssets': 1075252.8871969432, 'TotalLiabilities': 124341.81220031636, 'EPS': 36.48319783854484}"
TICK010,2023-03-31,2023,"{'Revenue': 59414.01239973502, 'NetIncome': 47578.04118356075, 'TotalAssets': 822553.7219590463, 'TotalLiabilities': 29637.877297389765, 'EPS': 49.26096897822879}"
TICK010,2024-03-31,2024,"{'Revenue': 876098.4349323607, 'NetIncome': 45069.888344425286, 'TotalAssets': 469608.52239554684, 'TotalLiabilities': 996215.5004552521, 'EPS': 8.409695243139842}"
TICK011,2021-03-31,2021,"{'Revenue': 482188.33389167266, 'NetIncome': 19824.098658639763, 'TotalAssets': 1868233.5406948274, 'TotalLiabilities': 970025.1379584543, 'EPS': 11.87004544507799}"
TICK011,2022-03-31,2022,"{'Revenue': 216890.14121649024, 'NetIncome': 51995.01632703385, 'TotalAssets': 759801.4385583918, 'TotalLiabilities': 1451327.5022750655, 'EPS': 11.198437434126499}"
TICK011,2023-03-31,2023,"{'Revenue': 589783.1668832267, 'NetIncome': 88030.1218442323, 'TotalAssets': 296531.645446133, 'TotalLiabilities': 431290.9972610843, 'EPS': 8.492643362502971}"
TICK011,2024-03-31,2024,"{'Revenue': 449877.72618861526, 'NetIncome': 61601.41118710261, 'TotalAssets': 1847951.3520662142, 'TotalLiabilities': 1465391.1528319584, 'EPS': 43.79380212231936}"
TICK012,2021-03-31,2021,"{'Revenue': 682225.9670620003, 'NetIncome': 63860.317345577896, 'TotalAssets': 1285202.571217692, 'TotalLiabilities': 1055209.3816659001, 'EPS': 37.09357892651318}"
TICK012,2022-03-31,2022,"{'Revenue': 466545.3388538011, 'NetIncome': 59347.51992233264, 'TotalAssets': 382754.6619890303, 'TotalLiabilities': 1118624.6415940102, 'EPS': 29.023226671133802}"
TICK012,2023-03-31,2023,"{'Revenue': 862696.4185920778, 'NetIncome': 36646.18160446436, 'TotalAssets': 1426528.1502651088, 'TotalLiabilities': 997390.483162656, 'EPS': 19.75401244441684}"
TICK012,2024-03-31,2024,"{'Revenue': 517161.5673666553, 'NetIncome': 8001.972941869128, 'TotalAssets': 1955503.553961836, 'TotalLiabilities': 1246540.8771219158, 'EPS': 15.340935757795865}"
TICK013,2021-03-31,2021,"{'Revenue': 770263.539184335, 'NetIncome': 65939.2495995732, 'TotalAssets': 1524674.4589900696, 'TotalLiabilities': 1080567.5827778904, 'EPS': 21.739641320614364}"
TICK013,2022-03-31,2022,"{'Revenue': 835989.6426875462, 'NetIncome': 71487.94837855236, 'TotalAssets': 887042.5537569389, 'TotalLiabilities': 668502.3472367729, 'EPS': 18.067833713419724}"
TICK013,2023-03-31,2023,"{'Revenue': 143895.11396565422, 'NetIncome': 22608.27314491349, 'TotalAssets': 385436.68349771475, 'TotalLiabilities': 774836.5549819208, 'EPS': 6.732214737062306}"
TICK013,2024-03-31,2024,"{'Revenue': 748413.5387457387, 'NetIncome': 40347.4866234554, 'TotalAssets': 733969.4302299229, 'TotalLiabilities': 1003075.8287431287, 'EPS': 45.39407721691123}"
TICK014,2021-03-31,2021,"{'Revenue': 517901.2427008677, 'NetIncome': 44291.65557941755, 'TotalAssets': 1770910.5320968232, 'TotalLiabilities': 234517.16311897832, 'EPS': 45.107501721953895}"
TICK014,2022-03-31,2022,"{'Revenue': 732003.2901644997, 'NetIncome': 74161.4028569224, 'TotalAssets': 1130491.1812716709, 'TotalLiabilities': 780688.2967404262, 'EPS': 3.771168693605633}"
TICK014,2023-03-31,2023,"{'Revenue': 231224.81898298988, 'NetIncome': 87561.63170436575, 'TotalAssets': 1826253.1547463324, 'TotalLiabilities': 957213.8154440805, 'EPS': 41.49854443614945}"
TICK014,2024-03-31,2024,"{'Revenue': 767177.0088274422, 'NetIncome': 30120.120316170065, 'TotalAssets': 1661520.3146587133, 'TotalLiabilities': 619610.8184095593, 'EPS': 15.564160127763516}"
TICK015,2021-03-31,2021,"{'Revenue': 210780.06451557716, 'NetIncome': 43456.412013100206, 'TotalAssets': 1332865.6256937229, 'TotalLiabilities': 505943.075041481, 'EPS': 13.884838546103296}"
TICK015,2022-03-31,2022,"{'Revenue': 275099.01453904767, 'NetIncome': 79661.30634957737, 'TotalAssets': 1601142.9156193412, 'TotalLiabilities': 288179.46025415603, 'EPS': 11.715457205115893}"
TICK015,2023-03-31,2023,"{'Revenue': 822737.8524330596, 'NetIncome': 26321.35441198242, 'TotalAssets': 1228562.7069541411, 'TotalLiabilities': 716828.5712007838, 'EPS': 27.491574511425863}"
TICK015,2024-03-31,2024,"{'Revenue': 844298.6357857443, 'NetIncome': 20472.434579270674, 'TotalAssets': 1351588.5683395504, 'TotalLiabilities': 924217.0517931188, 'EPS': 37.622674821089944}"
TICK016,2021-03-31,2021,"{'Revenue': 566458.5542891243, 'NetIncome': 77553.99213157361, 'TotalAssets': 1444572.9454675722, 'TotalLiabilities': 56062.43622254842, 'EPS': 27.1769951056558}"
TICK016,2022-03-31,2022,"{'Revenue': 155630.11418485362, 'NetIncome': 63985.995199153964, 'TotalAssets': 231748.71075699365, 'TotalLiabilities': 209574.43455226364, 'EPS': 25.794536752711757}"
TICK016,2023-03-31,2023,"{'Revenue': 82595.24862534528, 'NetIncome': 75355.10754426755, 'TotalAssets': 486155.64597272937, 'TotalLiabilities': 141445.69086795472, 'EPS': 20.79930836647761}"
TICK016,2024-03-31,2024,"{'Revenue': 187672.15871792246, 'NetIncome': 9496.286273407082, 'TotalAssets': 796818.4992777063, 'TotalLiabilities': 843860.6223595808, 'EPS': 39.04288611431343}"
TICK017,2021-03-31,2021,"{'Revenue': 245562.6849375639, 'NetIncome': 90992.12373590138, 'TotalAssets': 1721496.4835990292, 'TotalLiabilities': 834176.9147484283, 'EPS': 33.65006336864617}"
TICK017,2022-03-31,2022,"{'Revenue': 194385.81052327863, 'NetIncome': 53268.06220151456, 'TotalAssets': 544120.787082143, 'TotalLiabilities': 167194.2214366154, 'EPS': 49.771531415523825}"
TICK017,2023-03-31,2023,"{'Revenue': 256474.39664541362, 'NetIncome': 10487.849218878364, 'TotalAssets': 1127185.2205910292, 'TotalLiabilities': 1056864.7868508794, 'EPS': 7.256133568994973}"
TICK017,2024-03-31,2024,"{'Revenue': 202097.53086071927, 'NetIncome': 90446.3450753206, 'TotalAssets': 849168.4776703975, 'TotalLiabilities': 1449787.2620831863, 'EPS': 32.53970940524721}"
TICK018,2021-03-31,2021,"{'Revenue': 93615.59321695848, 'NetIncome': 15295.880503839055, 'TotalAssets': 641532.5255330498, 'TotalLiabilities': 724458.4563822956, 'EPS': 29.865576054869567}"
TICK018,2022-03-31,2022,"{'Revenue': 280469.86626872024, 'NetIncome': 45241.378642174794, 'TotalAssets': 1556710.3743114527, 'TotalLiabilities': 1346682.5417491521, 'EPS': 13.712549548299277}"
TICK018,2023-03-31,2023,"{'Revenue': 194319.5960594056, 'NetIncome': 66956.09598364998, 'TotalAssets': 740682.7268058211, 'TotalLiabilities': 1151821.083046765, 'EPS': 40.44371009494461}"
TICK018,2024-03-31,2024,"{'Revenue': 641138.0784091626, 'NetIncome': 93334.77982958558, 'TotalAssets': 330359.32654959057, 'TotalLiabilities': 933168.8427953856, 'EPS': 5.36489771617782}"
TICK019,2021-03-31,2021,"{'Revenue': 453533.6355483339, 'NetIncome': 89309.86775754875, 'TotalAssets': 138471.11682129887, 'TotalLiabilities': 269409.7062255264, 'EPS': 41.81129668723458}"
TICK019,2022-03-31,2022,"{'Revenue': 737238.1813488948, 'NetIncome': 30178.05317706811, 'TotalAssets': 1086617.782018348, 'TotalLiabilities': 1379266.3284809769, 'EPS': 49.82553592463537}"
TICK019,2023-03-31,2023,"{'Revenue': 381419.88103276916, 'NetIncome': 43609.031413405406, 'TotalAssets': 1556495.725446148, 'TotalLiabilities': 901707.4569129224, 'EPS': 3.089365564614147}"
TICK019,2024-03-31,2024,"{'Revenue': 754008.0500394561, 'NetIncome': 53591.160244602455, 'TotalAssets': 245878.33795436184, 'TotalLiabilities': 747323.0926091556, 'EPS': 1.9953550419686192}"
TICK020,2021-03-31,2021,"{'Revenue': 404988.19510397915, 'NetIncome': 34437.00940181027, 'TotalAssets': 1123498.042445335, 'TotalLiabilities': 1398949.7740284966, 'EPS': 11.82814011817851}"
TICK020,2022-03-31,2022,"{'Revenue': 353199.8700756003, 'NetIncome': 42979.09610620665, 'TotalAssets': 1791098.0185623802, 'TotalLiabilities': 482589.81182959554, 'EPS': 11.22455373316889}"
TICK020,2023-03-31,2023,"{'Revenue': 577867.1360980074, 'NetIncome': 77469.60308240174, 'TotalAssets': 571843.070324287, 'TotalLiabilities': 1362143.6705086238, 'EPS': 35.55557966801665}"
TICK020,2024-03-31,2024,"{'Revenue': 355959.6880410548, 'NetIncome': 49563.87251769415, 'TotalAssets': 144966.7829721962, 'TotalLiabilities': 1007339.6265630542, 'EPS': 26.729754614672174}"
TICK021,2021-03-31,2021,"{'Revenue': 565621.1556482927, 'NetIncome': 47973.768197163736, 'TotalAssets': 962742.8142213925, 'TotalLiabilities': 728120.3927012249, 'EPS': 23.399544508601096}"
TICK021,2022-03-31,2022,"{'Revenue': 536381.9724915643, 'NetIncome': 37807.94740376719, 'TotalAssets': 1069324.8974899575, 'TotalLiabilities': 753307.8614247297, 'EPS': 29.69882728994674}"
TICK021,2023-03-31,2023,"{'Revenue': 577562.6002614528, 'NetIncome': 96800.97231663884, 'TotalAssets': 1117116.0025381679, 'TotalLiabilities': 1017374.5178048513, 'EPS': 37.044886357550176}"
TICK021,2024-03-31,2024,"{'Revenue': 641283.4495323254, 'NetIncome': 11416.511996201632, 'TotalAssets': 1975147.4406723643, 'TotalLiabilities': 641647.7640979436, 'EPS': 35.37888828901759}"
TICK022,2021-03-31,2021,"{'Revenue': 707123.3724714213, 'NetIncome': 49340.00555769733, 'TotalAssets': 223599.4063595791, 'TotalLiabilities': 412676.30573818396, 'EPS': 33.130834407364006}"
TICK022,2022-03-31,2022,"{'Revenue': 498839.73142480646, 'NetIncome': 25332.660206727778, 'TotalAssets': 891754.7292919804, 'TotalLiabilities': 618275.9345019535, 'EPS': 28.432050947793616}"
TICK022,2023-03-31,2023,"{'Revenue': 868797.8309871724, 'NetIncome': 60264.71717204994, 'TotalAssets': 178483.36477750278, 'TotalLiabilities': 1144557.6252348067, 'EPS': 39.87113431582288}"
TICK022,2024-03-31,2024,"{'Revenue': 546697.2722778292, 'NetIncome': 18164.858764257187, 'TotalAssets': 738872.1080891452, 'TotalLiabilities': 653925.0741216773, 'EPS': 44.071219349126174}"
TICK023,2021-03-31,2021,"{'Revenue': 507310.2403567459, 'NetIncome': 19636.36557343952, 'TotalAssets': 1828918.709471303, 'TotalLiabilities': 313973.8764251037, 'EPS': 9.183931331434147}"
TICK023,2022-03-31,2022,"{'Revenue': 76499.79716298224, 'NetIncome': 44837.82549378484, 'TotalAssets': 1102001.800806686, 'TotalLiabilities': 932301.6023782443, 'EPS': 46.3035738534675}"
TICK023,2023-03-31,2023,"{'Revenue': 640533.5800193383, 'NetIncome': 37168.508645790585, 'TotalAssets': 1132004.7016781247, 'TotalLiabilities': 935020.4666978227, 'EPS': 44.96652365019745}"
TICK023,2024-03-31,2024,"{'Revenue': 135576.3791019867, 'NetIncome': 55915.64411056037, 'TotalAssets': 1226662.914444811, 'TotalLiabilities': 854490.1941195466, 'EPS': 46.43072338102865}"
TICK024,2021-03-31,2021,"{'Revenue': 579321.1370344621, 'NetIncome': 30805.167470942655, 'TotalAssets': 241798.10524379506, 'TotalLiabilities': 1224905.4717230399, 'EPS': 19.156225116879735}"
TICK024,2022-03-31,2022,"{'Revenue': 510630.73033881764, 'NetIncome': 26283.595016914864, 'TotalAssets': 406052.65092351683, 'TotalLiabilities': 452276.11502089765, 'EPS': 41.73800589194198}"
TICK024,2023-03-31,2023,"{'Revenue': 288653.09576541657, 'NetIncome': 76965.58488051368, 'TotalAssets': 959452.4470939095, 'TotalLiabilities': 616295.8195992091, 'EPS': 25.803610815919395}"
TICK024,2024-03-31,2024,"{'Revenue': 326928.3612984092, 'NetIncome': 87264.1778232884, 'TotalAssets': 931556.6391300041, 'TotalLiabilities': 1367463.2924102389, 'EPS': 39.95471550231898}"
TICK025,2021-03-31,2021,"{'Revenue': 152531.9614186002, 'NetIncome': 23619.720818550126, 'TotalAssets': 1727666.1049706598, 'TotalLiabilities': 466469.1505812329, 'EPS': 16.21152439614967}"
TICK025,2022-03-31,2022,"{'Revenue': 60957.31724400095, 'NetIncome': 36584.07463855669, 'TotalAssets': 1460749.9751056973, 'TotalLiabilities': 952691.4356372248, 'EPS': 7.980192626664737}"
TICK025,2023-03-31,2023,"{'Revenue': 468364.61553652957, 'NetIncome': 28953.663086044795, 'TotalAssets': 290071.78427423316, 'TotalLiabilities': 1339965.4163854471, 'EPS': 13.383842028415549}"
TICK025,2024-03-31,2024,"{'Revenue': 231849.4968952388, 'NetIncome': 31998.00776164227, 'TotalAssets': 1204445.7527892257, 'TotalLiabilities': 877932.5453529332, 'EPS': 13.773537506843967}"
TICK026,2021-03-31,2021,"{'Revenue': 548582.879060842, 'NetIncome': 54951.90228532443, 'TotalAssets': 1108211.810675865, 'TotalLiabilities': 1175770.7496953793, 'EPS': 37.73977727474472}"
TICK026,2022-03-31,2022,"{'Revenue': 180342.9563267164, 'NetIncome': 79390.41710983013, 'TotalAssets': 579448.0109132947, 'TotalLiabilities': 224970.7794670183, 'EPS': 41.62811007225188}"
TICK026,2023-03-31,2023,"{'Revenue': 785506.3526509394, 'NetIncome': 44573.2780741136, 'TotalAssets': 1997778.8237125971, 'TotalLiabilities': 529854.3708048258, 'EPS': 34.06685657169325}"
TICK026,2024-03-31,2024,"{'Revenue': 159920.69105235394, 'NetIncome': 74419.68196503997, 'TotalAssets': 1557180.8831872754, 'TotalLiabilities': 411556.04664298485, 'EPS': 19.391323550243115}"
TICK027,2021-03-31,2021,"{'Revenue': 78829.63549778631, 'NetIncome': 15876.98609827689, 'TotalAssets': 734864.5821157189, 'TotalLiabilities': 425557.9832516067, 'EPS': 43.68938212688849}"
TICK027,2022-03-31,2022,"{'Revenue': 567117.2847063339, 'NetIncome': 57569.683029639185, 'TotalAssets': 1253209.9656607178, 'TotalLiabilities': 1030263.2522552401, 'EPS': 39.74382516519323}"
TICK027,2023-03-31,2023,"{'Revenue': 786759.9540461482, 'NetIncome': 35160.6657896785, 'TotalAssets': 1357779.7524198182, 'TotalLiabilities': 734662.9293445692, 'EPS': 49.98225794665145}"
TICK027,2024-03-31,2024,"{'Revenue': 619255.9609338805, 'NetIncome': 40720.535044369484, 'TotalAssets': 1139402.9187657703, 'TotalLiabilities': 602921.344659632, 'EPS': 44.508809653515094}"
TICK028,2021-03-31,2021,"{'Revenue': 300493.2556456751, 'NetIncome': 87067.99617934054, 'TotalAssets': 196769.1020806713, 'TotalLiabilities': 986005.5361808321, 'EPS': 5.420195057032876}"
TICK028,2022-03-31,2022,"{'Revenue': 197729.528038996, 'NetIncome': 29173.465859567717, 'TotalAssets': 1796567.8627761921, 'TotalLiabilities': 576783.5524119887, 'EPS': 8.97563684540697}"
TICK028,2023-03-31,2023,"{'Revenue': 113260.90257351645, 'NetIncome': 58856.940574676664, 'TotalAssets': 1360099.5093196887, 'TotalLiabilities': 1037628.580829642, 'EPS': 4.626361594404367}"
TICK028,2024-03-31,2024,"{'Revenue': 650764.967399631, 'NetIncome': 98718.06884518199, 'TotalAssets': 1812210.6621060097, 'TotalLiabilities': 1347102.5097362127, 'EPS': 5.801530164833611}"
TICK029,2021-03-31,2021,"{'Revenue': 367345.5021424455, 'NetIncome': 31690.173932234036, 'TotalAssets': 235900.47370656973, 'TotalLiabilities': 451840.8551000099, 'EPS': 29.263356431288656}"
TICK029,2022-03-31,2022,"{'Revenue': 141613.30825166532, 'NetIncome': 51506.078894635655, 'TotalAssets': 1483190.0124999622, 'TotalLiabilities': 468651.3299511507, 'EPS': 7.65480328261143}"
TICK029,2023-03-31,2023,"{'Revenue': 129556.55557273458, 'NetIncome': 80463.90017898266, 'TotalAssets': 846249.5927352394, 'TotalLiabilities': 661233.8751935572, 'EPS': 26.461062690473952}"
TICK029,2024-03-31,2024,"{'Revenue': 185066.23843407008, 'NetIncome': 23360.53343701871, 'TotalAssets': 610356.5504195269, 'TotalLiabilities': 1232930.872935282, 'EPS': 8.101548837055685}"
TICK030,2021-03-31,2021,"{'Revenue': 380565.4401225191, 'NetIncome': 81470.0636443681, 'TotalAssets': 1755167.1633193123, 'TotalLiabilities': 733770.6545169872, 'EPS': 13.236227029977371}"
TICK030,2022-03-31,2022,"{'Revenue': 668964.0734863703, 'NetIncome': 17753.538541427337, 'TotalAssets': 366551.8199383536, 'TotalLiabilities': 1270798.4579020354, 'EPS': 33.191432251854714}"
TICK030,2023-03-31,2023,"{'Revenue': 691949.0498385748, 'NetIncome': 56983.89324300517, 'TotalAssets': 885079.0511353615, 'TotalLiabilities': 723263.0847954039, 'EPS': 49.64457087016633}"
TICK030,2024-03-31,2024,"{'Revenue': 550169.3035088511, 'NetIncome': 92177.35935758869, 'TotalAssets': 1064218.421045899, 'TotalLiabilities': 335310.6051451818, 'EPS': 11.05693311185804}"
TICK031,2021-03-31,2021,"{'Revenue': 73149.19264512612, 'NetIncome': 10805.345938334565, 'TotalAssets': 1379534.4972410058, 'TotalLiabilities': 20418.848448185214, 'EPS': 43.80433997440688}"
TICK031,2022-03-31,2022,"{'Revenue': 646902.0343168685, 'NetIncome': 65468.95926912847, 'TotalAssets': 1627668.8336625171, 'TotalLiabilities': 1469681.8105990067, 'EPS': 43.75353606437846}"
TICK031,2023-03-31,2023,"{'Revenue': 485936.95791542827, 'NetIncome': 27453.972703144536, 'TotalAssets': 1399543.2175516, 'TotalLiabilities': 580829.5419746672, 'EPS': 15.299849172836453}"
TICK031,2024-03-31,2024,"{'Revenue': 406888.07073023205, 'NetIncome': 74840.95683643338, 'TotalAssets': 181877.35666879258, 'TotalLiabilities': 1122748.7663114232, 'EPS': 33.27696135923557}"
TICK032,2021-03-31,2021,"{'Revenue': 306824.69741069234, 'NetIncome': 74052.31696836372, 'TotalAssets': 1205412.9674898447, 'TotalLiabilities': 552392.6871687917, 'EPS': 2.9724403150050107}"
TICK032,2022-03-31,2022,"{'Revenue': 550136.8722698843, 'NetIncome': 54564.08001103508, 'TotalAssets': 1060360.0390118218, 'TotalLiabilities': 1377024.5299546104, 'EPS': 3.610040787066703}"
TICK032,2023-03-31,2023,"{'Revenue': 306864.7061853409, 'NetIncome': 46546.4372462857, 'TotalAssets': 1559251.7226278633, 'TotalLiabilities': 1232089.078950757, 'EPS': 9.398403597130487}"
TICK032,2024-03-31,2024,"{'Revenue': 494725.93077211775, 'NetIncome': 12814.576677791494, 'TotalAssets': 434431.4090956624, 'TotalLiabilities': 68934.4536599065, 'EPS': 45.26493555926633}"
TICK033,2021-03-31,2021,"{'Revenue': 783863.4557642905, 'NetIncome': 28793.781637248485, 'TotalAssets': 883023.8913998627, 'TotalLiabilities': 1484986.7071322734, 'EPS': 37.58618935437544}"
TICK033,2022-03-31,2022,"{'Revenue': 726310.8642306357, 'NetIncome': 33504.08007478054, 'TotalAssets': 213340.49076862755, 'TotalLiabilities': 285684.6804358905, 'EPS': 31.233553911670626}"
TICK033,2023-03-31,2023,"{'Revenue': 196274.39437855565, 'NetIncome': 94921.02459024322, 'TotalAssets': 1820530.5665836404, 'TotalLiabilities': 1361028.3506962343, 'EPS': 20.698498413812278}"
TICK033,2024-03-31,2024,"{'Revenue': 255987.37981293083, 'NetIncome': 45966.995362901864, 'TotalAssets': 1935568.8710019388, 'TotalLiabilities': 1298880.850047478, 'EPS': 9.997943282833118}"
TICK034,2021-03-31,2021,"{'Revenue': 873110.3954485372, 'NetIncome': 74096.0504898918, 'TotalAssets': 330061.9660350213, 'TotalLiabilities': 808506.9653974075, 'EPS': 43.161052503030604}"
TICK034,2022-03-31,2022,"{'Revenue': 738583.89983187, 'NetIncome': 89976.0737674476, 'TotalAssets': 1977477.9283328294, 'TotalLiabilities': 1025448.2061052778, 'EPS': 15.548207414543187}"
TICK034,2023-03-31,2023,"{'Revenue': 762326.944612481, 'NetIncome': 35585.151003755134, 'TotalAssets': 1454553.8454245247, 'TotalLiabilities': 1328776.5400633172, 'EPS': 38.62472788865678}"
TICK034,2024-03-31,2024,"{'Revenue': 333187.14912309614, 'NetIncome': 63805.099331303616, 'TotalAssets': 1533657.25851453, 'TotalLiabilities': 165087.7728392032, 'EPS': 11.99312807879793}"
TICK035,2021-03-31,2021,"{'Revenue': 196897.83981954062, 'NetIncome': 16616.268883918437, 'TotalAssets': 1405226.9026237207, 'TotalLiabilities': 1398950.2687791863, 'EPS': 34.95651065088187}"
TICK035,2022-03-31,2022,"{'Revenue': 534658.3285995715, 'NetIncome': 58416.33437813584, 'TotalAssets': 1037633.52313275, 'TotalLiabilities': 1399259.3991594957, 'EPS': 7.605956681700698}"
TICK035,2023-03-31,2023,"{'Revenue': 62254.39928926043, 'NetIncome': 35750.282984338104, 'TotalAssets': 1726426.1261460576, 'TotalLiabilities': 1373327.3410731303, 'EPS': 36.52070071987162}"
TICK035,2024-03-31,2024,"{'Revenue': 846665.9993983454, 'NetIncome': 81004.01083668416, 'TotalAssets': 322955.69575969945, 'TotalLiabilities': 520044.8631905919, 'EPS': 41.323699149779365}"
TICK036,2021-03-31,2021,"{'Revenue': 229679.56441094194, 'NetIncome': 22884.981824940653, 'TotalAssets': 1009916.5684670326, 'TotalLiabilities': 685264.1642838878, 'EPS': 23.15662225561232}"
TICK036,2022-03-31,2022,"{'Revenue': 771162.7411819064, 'NetIncome': 74929.44340237348, 'TotalAssets': 1574123.2753229965, 'TotalLiabilities': 485008.9208615303, 'EPS': 34.207480897394476}"
TICK036,2023-03-31,2023,"{'Revenue': 875943.3882508369, 'NetIncome': 96801.62046258632, 'TotalAssets': 1672211.350004414, 'TotalLiabilities': 817981.4325136403, 'EPS': 2.9495760925076944}"
TICK036,2024-03-31,2024,"{'Revenue': 380328.5812670971, 'NetIncome': 38520.37599695442, 'TotalAssets': 1237020.9864274103, 'TotalLiabilities': 1453855.0385782167, 'EPS': 18.834785648251014}"
TICK037,2021-03-31,2021,"{'Revenue': 861282.4663536544, 'NetIncome': 35500.4997975567, 'TotalAssets': 795151.6919207319, 'TotalLiabilities': 1297707.0094721671, 'EPS': 17.483467364464992}"
TICK037,2022-03-31,2022,"{'Revenue': 887247.9395571877, 'NetIncome': 65100.18327702082, 'TotalAssets': 209005.3160183258, 'TotalLiabilities': 39642.5693965071, 'EPS': 12.984710763686287}"
TICK037,2023-03-31,2023,"{'Revenue': 696582.9832483556, 'NetIncome': 51996.69068586537, 'TotalAssets': 464735.511743513, 'TotalLiabilities': 60062.04580795356, 'EPS': 41.61437890965467}"
TICK037,2024-03-31,2024,"{'Revenue': 468484.72016426246, 'NetIncome': 8500.73468904985, 'TotalAssets': 1923722.668747603, 'TotalLiabilities': 508460.9231061621, 'EPS': 27.76964400002629}"
TICK038,2021-03-31,2021,"{'Revenue': 595902.7464534784, 'NetIncome': 29699.18683014535, 'TotalAssets': 875812.2240396334, 'TotalLiabilities': 585824.8858105865, 'EPS': 39.57713989906382}"
TICK038,2022-03-31,2022,"{'Revenue': 245087.61999112554, 'NetIncome': 30216.891905594042, 'TotalAssets': 367898.13065087475, 'TotalLiabilities': 380947.06360093306, 'EPS': 45.23299702162341}"
TICK038,2023-03-31,2023,"{'Revenue': 778799.616798558, 'NetIncome': 67037.76904695443, 'TotalAssets': 1941617.7204960063, 'TotalLiabilities': 380346.66784149077, 'EPS': 49.57704817103751}"
TICK038,2024-03-31,2024,"{'Revenue': 794904.983372467, 'NetIncome': 86180.7417579886, 'TotalAssets': 402636.7869670911, 'TotalLiabilities': 1037804.3105511003, 'EPS': 18.2534388252876}"
TICK039,2021-03-31,2021,"{'Revenue': 58036.340467528935, 'NetIncome': 40701.31830412889, 'TotalAssets': 1395915.7823961668, 'TotalLiabilities': 591611.6864368382, 'EPS': 27.46303600042488}"
TICK039,2022-03-31,2022,"{'Revenue': 871869.8907311319, 'NetIncome': 47086.761685129415, 'TotalAssets': 448545.56039568415, 'TotalLiabilities': 222298.89657433558, 'EPS': 1.646758439163956}"
TICK039,2023-03-31,2023,"{'Revenue': 141722.8493108342, 'NetIncome': 49253.83095773404, 'TotalAssets': 1210218.8048396816, 'TotalLiabilities': 1026352.1106791544, 'EPS': 5.950030980891344}"
TICK039,2024-03-31,2024,"{'Revenue': 538033.9583661512, 'NetIncome': 43746.491972010605, 'TotalAssets': 1595158.0001567844, 'TotalLiabilities': 812466.5199984714, 'EPS': 31.246919787749064}"
TICK040,2021-03-31,2021,"{'Revenue': 210871.8078299513, 'NetIncome': 67074.61848153878, 'TotalAssets': 824760.0212376096, 'TotalLiabilities': 1477683.098800412, 'EPS': 3.012631376162218}"
TICK040,2022-03-31,2022,"{'Revenue': 836729.357235365, 'NetIncome': 79694.59861844181, 'TotalAssets': 543837.6938257042, 'TotalLiabilities': 1431419.27422914, 'EPS': 13.795520597707016}"
TICK040,2023-03-31,2023,"{'Revenue': 177969.8519075566, 'NetIncome': 77340.61144152528, 'TotalAssets': 1649010.3375393937, 'TotalLiabilities': 701609.7912363106, 'EPS': 29.623395699399673}"
TICK040,2024-03-31,2024,"{'Revenue': 626989.1849019409, 'NetIncome': 11076.15459093168, 'TotalAssets': 1524890.6941418836, 'TotalLiabilities': 1198322.730422281, 'EPS': 30.13690142895014}"
TICK041,2021-03-31,2021,"{'Revenue': 792384.6042379403, 'NetIncome': 83375.23965250798, 'TotalAssets': 168152.47810566338, 'TotalLiabilities': 340671.71337018296, 'EPS': 16.34610240352579}"
TICK041,2022-03-31,2022,"{'Revenue': 594566.1572305263, 'NetIncome': 98398.24407463106, 'TotalAssets': 1567376.5890319853, 'TotalLiabilities': 1118182.3647689996, 'EPS': 49.90772457871071}"
TICK041,2023-03-31,2023,"{'Revenue': 486658.63402198703, 'NetIncome': 91102.04496275773, 'TotalAssets': 1806174.2961672714, 'TotalLiabilities': 1204503.5188259422, 'EPS': 6.62267259421044}"
TICK041,2024-03-31,2024,"{'Revenue': 482873.4662107425, 'NetIncome': 38975.485737959876, 'TotalAssets': 1306516.4587433583, 'TotalLiabilities': 752299.3605138494, 'EPS': 22.24099079550333}"
TICK042,2021-03-31,2021,"{'Revenue': 78145.7914969104, 'NetIncome': 91817.09232202776, 'TotalAssets': 648617.8820387827, 'TotalLiabilities': 883349.908197354, 'EPS': 11.540147638491758}"
TICK042,2022-03-31,2022,"{'Revenue': 164850.48726097826, 'NetIncome': 38771.792938325096, 'TotalAssets': 1642659.7940084622, 'TotalLiabilities': 652202.1337526198, 'EPS': 43.24246167195966}"
TICK042,2023-03-31,2023,"{'Revenue': 229615.7688389565, 'NetIncome': 80098.05732762738, 'TotalAssets': 1929038.0363062685, 'TotalLiabilities': 467210.86756104376, 'EPS': 30.617800588029375}"
TICK042,2024-03-31,2024,"{'Revenue': 376627.8826168407, 'NetIncome': 75782.58648564467, 'TotalAssets': 879518.4545635433, 'TotalLiabilities': 361814.3896253084, 'EPS': 28.53751982518756}"
TICK043,2021-03-31,2021,"{'Revenue': 401304.53404559, 'NetIncome': 88438.46850753529, 'TotalAssets': 1191973.9305245634, 'TotalLiabilities': 955839.1687112921, 'EPS': 41.14727160440017}"
TICK043,2022-03-31,2022,"{'Revenue': 429509.4959619507, 'NetIncome': 7322.27901159556, 'TotalAssets': 236318.03026839363, 'TotalLiabilities': 527812.8753132811, 'EPS': 49.09578217259979}"
TICK043,2023-03-31,2023,"{'Revenue': 143462.23172397725, 'NetIncome': 31755.88431925172, 'TotalAssets': 548012.1995955028, 'TotalLiabilities': 713771.0320468388, 'EPS': 23.30868116506214}"
TICK043,2024-03-31,2024,"{'Revenue': 663126.2521033818, 'NetIncome': 81165.30308265082, 'TotalAssets': 1939497.1521374043, 'TotalLiabilities': 811183.935056504, 'EPS': 19.584652213788246}"
TICK044,2021-03-31,2021,"{'Revenue': 431244.7935940168, 'NetIncome': 74315.98849173474, 'TotalAssets': 1836083.115838165, 'TotalLiabilities': 834199.1360783686, 'EPS': 16.840343489797586}"
TICK044,2022-03-31,2022,"{'Revenue': 682257.2614266693, 'NetIncome': 89559.94302557266, 'TotalAssets': 1483973.0735165551, 'TotalLiabilities': 136669.85019962868, 'EPS': 33.80026777111851}"
TICK044,2023-03-31,2023,"{'Revenue': 142005.9325037406, 'NetIncome': 59110.01741594372, 'TotalAssets': 1555779.7507512635, 'TotalLiabilities': 1179365.1113296526, 'EPS': 12.077213089875475}"
TICK044,2024-03-31,2024,"{'Revenue': 857615.9828181396, 'NetIncome': 76048.98433009049, 'TotalAssets': 1534991.7746119488, 'TotalLiabilities': 422448.45034511766, 'EPS': 48.49753929622827}"
TICK045,2021-03-31,2021,"{'Revenue': 210871.16675437856, 'NetIncome': 63688.496206357944, 'TotalAssets': 1456478.9253164183, 'TotalLiabilities': 457457.0969409614, 'EPS': 5.533324965602305}"
TICK045,2022-03-31,2022,"{'Revenue': 143828.01119632588, 'NetIncome': 88796.25486679144, 'TotalAssets': 1603322.0183745178, 'TotalLiabilities': 681455.4796079225, 'EPS': 44.923623752178884}"
TICK045,2023-03-31,2023,"{'Revenue': 252183.7175937818, 'NetIncome': 15119.378865886487, 'TotalAssets': 852865.8151839096, 'TotalLiabilities': 857176.7766911603, 'EPS': 19.246960318261745}"
TICK045,2024-03-31,2024,"{'Revenue': 239207.8352083797, 'NetIncome': 82441.56616879991, 'TotalAssets': 1901169.369877111, 'TotalLiabilities': 1208410.4655930148, 'EPS': 14.744440900915405}"
TICK046,2021-03-31,2021,"{'Revenue': 580003.5789966639, 'NetIncome': 47646.21046166622, 'TotalAssets': 204371.71231501788, 'TotalLiabilities': 478991.50994308933, 'EPS': 5.584150991623359}"
TICK046,2022-03-31,2022,"{'Revenue': 677605.6021507928, 'NetIncome': 99870.43254715213, 'TotalAssets': 592826.8914546644, 'TotalLiabilities': 1163183.4343442547, 'EPS': 32.55941044584878}"
TICK046,2023-03-31,2023,"{'Revenue': 545536.7119587273, 'NetIncome': 29767.81552462784, 'TotalAssets': 556920.39989136, 'TotalLiabilities': 715480.7942922162, 'EPS': 29.232181254469996}"
TICK046,2024-03-31,2024,"{'Revenue': 378363.66226505453, 'NetIncome': 77902.03062973813, 'TotalAssets': 1117980.6583565979, 'TotalLiabilities': 325965.80467131676, 'EPS': 8.305206391230506}"
TICK047,2021-03-31,2021,"{'Revenue': 634685.7363844167, 'NetIncome': 17767.009157660897, 'TotalAssets': 1130604.8081206651, 'TotalLiabilities': 763593.952319949, 'EPS': 26.40546818745688}"
TICK047,2022-03-31,2022,"{'Revenue': 483921.136621022, 'NetIncome': 61493.99078646192, 'TotalAssets': 1807005.492430352, 'TotalLiabilities': 433122.6132181738, 'EPS': 44.40788194941146}"
TICK047,2023-03-31,2023,"{'Revenue': 650077.4518567641, 'NetIncome': 9275.11056287303, 'TotalAssets': 877916.4253853561, 'TotalLiabilities': 738216.1749984116, 'EPS': 24.96857891792418}"
TICK047,2024-03-31,2024,"{'Revenue': 783062.8458513335, 'NetIncome': 78990.47765672863, 'TotalAssets': 783324.6300976023, 'TotalLiabilities': 278333.37686873844, 'EPS': 48.19962279255616}"
TICK048,2021-03-31,2021,"{'Revenue': 393951.446352131, 'NetIncome': 64787.04737851087, 'TotalAssets': 433408.88757551194, 'TotalLiabilities': 341385.73593357723, 'EPS': 28.115308950175738}"
TICK048,2022-03-31,2022,"{'Revenue': 773041.1641208827, 'NetIncome': 64099.79203538207, 'TotalAssets': 1003387.96366237, 'TotalLiabilities': 310086.3291231356, 'EPS': 36.87230389765992}"
TICK048,2023-03-31,2023,"{'Revenue': 683250.046828928, 'NetIncome': 53037.63200996566, 'TotalAssets': 1471706.8921026401, 'TotalLiabilities': 800640.208672399, 'EPS': 5.06499121856581}"
TICK048,2024-03-31,2024,"{'Revenue': 561691.271260438, 'NetIncome': 91843.56543717708, 'TotalAssets': 1200614.267430491, 'TotalLiabilities': 1427356.730671436, 'EPS': 41.79104176933726}"
TICK049,2021-03-31,2021,"{'Revenue': 835713.6281076551, 'NetIncome': 27309.46711573717, 'TotalAssets': 1673532.3782716838, 'TotalLiabilities': 1399768.8779862795, 'EPS': 2.093419176368843}"
TICK049,2022-03-31,2022,"{'Revenue': 102362.58016461763, 'NetIncome': 17889.620065236486, 'TotalAssets': 1011800.0596445523, 'TotalLiabilities': 414803.9204109157, 'EPS': 10.53246370337713}"
TICK049,2023-03-31,2023,"{'Revenue': 450551.00241350266, 'NetIncome': 6168.56735399696, 'TotalAssets': 1633919.7022072093, 'TotalLiabilities': 336709.0560914435, 'EPS': 3.1202336618806403}"
TICK049,2024-03-31,2024,"{'Revenue': 466365.3288890608, 'NetIncome': 20794.607561747747, 'TotalAssets': 504950.73198789643, 'TotalLiabilities': 1246222.7162581033, 'EPS': 7.675833751882016}"
TICK050,2021-03-31,2021,"{'Revenue': 670334.730823738, 'NetIncome': 49693.45889318069, 'TotalAssets': 1953886.0454701155, 'TotalLiabilities': 1247369.5734286106, 'EPS': 20.2439571219601}"
TICK050,2022-03-31,2022,"{'Revenue': 427794.9551806568, 'NetIncome': 40609.361148904856, 'TotalAssets': 893124.4122964194, 'TotalLiabilities': 455372.2860234737, 'EPS': 39.16987757812365}"
TICK050,2023-03-31,2023,"{'Revenue': 455209.19253284327, 'NetIncome': 68595.00331509428, 'TotalAssets': 731334.1559823591, 'TotalLiabilities': 1088260.674979783, 'EPS': 9.473828632388944}"
TICK050,2024-03-31,2024,"{'Revenue': 521074.7297954968, 'NetIncome': 90549.10321838767, 'TotalAssets': 243041.65127696865, 'TotalLiabilities': 652966.8470075078, 'EPS': 18.07088047050173}"
